{
  "horizon": 3,
  "shallow": {
    "weighted_dir_acc": 67.32,
    "weighted_mae": 0.0618,
    "weighted_int_cov": 86.65,
    "mean_pinball_10": 0.855312,
    "mean_pinball_50": 2.403937,
    "mean_pinball_90": 2.355985,
    "fold_count": 26,
    "total_samples": 109020,
    "fold_dir_accs": [
      57.55,
      63.33,
      68.24,
      67.4,
      69.1,
      69.21,
      59.05,
      70.17,
      61.93,
      71.36,
      66.33,
      91.29,
      78.64,
      72.9,
      70.79,
      72.69,
      66.43,
      66.67,
      71.98,
      66.02,
      63.15,
      59.24,
      66.86,
      57.31,
      59.2,
      63.22
    ],
    "tier_mean_dir_acc": {
      "$20-100": 60.5,
      "$5-20": 58.0,
      "<$5": 67.7,
      ">$100": 55.4
    }
  },
  "deep": {
    "weighted_dir_acc": 67.88,
    "weighted_mae": 0.0605,
    "weighted_int_cov": 85.63,
    "mean_pinball_10": 0.838515,
    "mean_pinball_50": 2.365152,
    "mean_pinball_90": 2.378507,
    "fold_count": 26,
    "total_samples": 109020,
    "fold_dir_accs": [
      65.79,
      66.64,
      70.21,
      69.95,
      66.71,
      69.83,
      58.24,
      69.19,
      64.45,
      70.17,
      66.45,
      88.76,
      79.62,
      66.83,
      70.21,
      69.24,
      66.74,
      65.48,
      73.24,
      69.38,
      65.29,
      59.64,
      68.21,
      64.79,
      57.53,
      62.13
    ],
    "tier_mean_dir_acc": {
      "$20-100": 61.7,
      "$5-20": 60.7,
      "<$5": 68.2,
      ">$100": 54.2
    }
  },
  "paired_comparison": {
    "dir_acc_diff_mean": 0.56,
    "dir_acc_diff_std": 3.0,
    "deep_wins": 15,
    "deep_losses": 11,
    "pinball50_diff_mean": -0.038785
  }
}