{"feature_cols": ["price_lag_1d", "return_1d", "return_3d", "return_7d", "return_14d", "return_30d", "return_60d", "price_std_7d", "price_std_14d", "price_max_14d", "price_std_20d", "price_std_30d", "price_std_60d", "price_max_60d", "price_zscore_30d", "vol_regime_60_30", "trend_divergence_30_60", "price_accel_7d", "price_log", "price_tier", "log_return_1d", "log_return_7d", "autocorr_1d", "autocorr_7d", "bb_pct_b", "bb_width", "rsi_14", "macd_line", "macd_signal", "macd_histogram", "volume_missing", "volume_lag_1d", "volume_lag_7d", "volume_mean_30d", "volume_std_30d", "volume_std_60d", "volume_log_change_1d", "volume_log_change_7d", "volume_zscore_30d", "volume_price_conf_7d", "volume_price_conf_1d", "rsi_missing", "macd_missing"], "trained_at": "2026-07-16 23:55:08.326415+00:00", "confidence_thresholds": {"3": {"high_range": 0.104570799006733, "high_change": 0.0, "high_accuracy": 82.5}, "7": {"high_range": 0.14792901185023638, "high_change": 0.0, "high_accuracy": 81.4}, "14": {"high_range": 0.19467232918817204, "high_change": 0.0, "high_accuracy": 80.3}, "30": {"high_range": 0.20369478438044805, "high_change": 0.0, "high_accuracy": 83.3}}, "feature_medians": {"price_lag_1d": 0.09799999743700027, "return_1d": 0.0, "return_3d": 0.0, "return_7d": 0.0, "return_14d": 0.0, "return_30d": 0.0, "return_60d": 0.0, "price_std_7d": 0.004598136059939861, "price_std_14d": 0.00612686388194561, "price_max_14d": 0.11699999868869781, "price_std_20d": 0.007133870385587215, "price_std_30d": 0.008565903641283512, "price_std_60d": 0.01227144431322813, "price_max_60d": 0.1550000011920929, "price_zscore_30d": -0.14972354471683502, "vol_regime_60_30": 1.141419529914856, "trend_divergence_30_60": 0.485675573348999, "price_accel_7d": 0.0, "price_log": -2.3227877616882324, "price_tier": 0.0, "log_return_1d": 0.0, "log_return_7d": 0.0, "autocorr_1d": 0.0, "autocorr_7d": 0.0, "bb_pct_b": 0.4661467373371124, "bb_width": 0.23633737862110138, "rsi_14": 50.0, "macd_line": 0.0, "macd_signal": 0.0, "macd_histogram": 0.0, "volume_missing": 0.0, "volume_lag_1d": 73.0, "volume_lag_7d": 74.0, "volume_mean_30d": 81.30000305175781, "volume_std_30d": 37.2219352722168, "volume_std_60d": 42.485286712646484, "volume_log_change_1d": 0.0, "volume_log_change_7d": 0.0, "volume_zscore_30d": -0.22767040133476257, "volume_price_conf_7d": 0.0, "volume_price_conf_1d": 0.0, "rsi_missing": 0.0, "macd_missing": 0.0}, "n_ensembles": 3, "feature_importance": {"3": [{"feature": "price_std_20d", "importance": 546060.8261}, {"feature": "price_max_14d", "importance": 349883.9249}, {"feature": "price_std_30d", "importance": 256206.8648}, {"feature": "price_std_14d", "importance": 231515.6269}, {"feature": "rsi_missing", "importance": 92011.9289}, {"feature": "price_lag_1d", "importance": 68921.3333}, {"feature": "price_std_7d", "importance": 29069.7676}, {"feature": "price_max_60d", "importance": 27793.2778}, {"feature": "price_log", "importance": 22813.7754}, {"feature": "price_std_60d", "importance": 11808.2564}, {"feature": "return_14d", "importance": 7432.7523}, {"feature": "price_accel_7d", "importance": 7390.0192}, {"feature": "price_zscore_30d", "importance": 7361.3895}, {"feature": "bb_pct_b", "importance": 6994.3458}, {"feature": "macd_histogram", "importance": 6450.7271}, {"feature": "macd_signal", "importance": 5919.3301}, {"feature": "macd_line", "importance": 5817.2241}, {"feature": "bb_width", "importance": 5727.6523}, {"feature": "return_3d", "importance": 5557.4436}, {"feature": "return_1d", "importance": 5231.1147}], "7": [{"feature": "price_max_14d", "importance": 156517.08}, {"feature": "price_std_14d", "importance": 82708.7088}, {"feature": "price_lag_1d", "importance": 56414.1277}, {"feature": "rsi_missing", "importance": 52639.8434}, {"feature": "price_std_20d", "importance": 41286.3078}, {"feature": "price_std_7d", "importance": 40857.5422}, {"feature": "price_std_30d", "importance": 39942.2372}, {"feature": "price_log", "importance": 23901.5322}, {"feature": "price_max_60d", "importance": 6753.0232}, {"feature": "bb_width", "importance": 4452.7511}, {"feature": "return_3d", "importance": 4385.692}, {"feature": "return_7d", "importance": 3829.5852}, {"feature": "return_1d", "importance": 3127.8028}, {"feature": "bb_pct_b", "importance": 3088.1915}, {"feature": "price_std_60d", "importance": 3028.8673}, {"feature": "price_zscore_30d", "importance": 2161.2193}, {"feature": "trend_divergence_30_60", "importance": 2157.5305}, {"feature": "return_14d", "importance": 1794.902}, {"feature": "vol_regime_60_30", "importance": 1455.273}, {"feature": "return_60d", "importance": 1239.7359}], "14": [{"feature": "price_max_14d", "importance": 91985.9961}, {"feature": "price_std_20d", "importance": 66280.8428}, {"feature": "price_lag_1d", "importance": 48443.7106}, {"feature": "price_std_14d", "importance": 40181.6861}, {"feature": "price_std_30d", "importance": 35500.9041}, {"feature": "price_std_7d", "importance": 33796.5596}, {"feature": "rsi_missing", "importance": 29553.1445}, {"feature": "price_log", "importance": 23424.6812}, {"feature": "price_max_60d", "importance": 14660.4852}, {"feature": "price_std_60d", "importance": 6320.3621}, {"feature": "price_zscore_30d", "importance": 5615.7196}, {"feature": "bb_width", "importance": 5235.5672}, {"feature": "return_14d", "importance": 4615.2544}, {"feature": "return_3d", "importance": 4326.9072}, {"feature": "return_1d", "importance": 3357.0909}, {"feature": "return_7d", "importance": 3259.5227}, {"feature": "bb_pct_b", "importance": 3101.7036}, {"feature": "macd_line", "importance": 2356.822}, {"feature": "macd_signal", "importance": 2202.9035}, {"feature": "volume_mean_30d", "importance": 1899.4623}], "30": [{"feature": "price_max_14d", "importance": 106680.8108}, {"feature": "price_std_14d", "importance": 84598.8092}, {"feature": "rsi_missing", "importance": 80150.8179}, {"feature": "price_std_20d", "importance": 60284.3145}, {"feature": "price_lag_1d", "importance": 59425.4627}, {"feature": "price_std_7d", "importance": 35080.8306}, {"feature": "price_log", "importance": 34350.4378}, {"feature": "price_std_30d", "importance": 24148.7871}, {"feature": "price_max_60d", "importance": 13940.0098}, {"feature": "return_14d", "importance": 6251.9998}, {"feature": "price_zscore_30d", "importance": 5943.1522}, {"feature": "price_std_60d", "importance": 5172.9429}, {"feature": "bb_width", "importance": 4700.433}, {"feature": "return_3d", "importance": 4001.5008}, {"feature": "return_7d", "importance": 3057.4424}, {"feature": "macd_signal", "importance": 2972.8029}, {"feature": "price_accel_7d", "importance": 2572.9741}, {"feature": "return_60d", "importance": 2564.3684}, {"feature": "macd_line", "importance": 2510.0698}, {"feature": "bb_pct_b", "importance": 2437.5163}]}, "cv_results": {"3": {"fold_count": 2, "per_fold": [{"fold": 1, "train_start": "2024-07-16", "train_end": "2025-01-31", "val_start": "2025-02-01", "val_end": "2025-02-21", "n_train": 142306, "n_val": 15757, "directional_accuracy": 72.2}, {"fold": 2, "train_start": "2024-07-16", "train_end": "2025-08-19", "val_start": "2025-08-20", "val_end": "2025-09-09", "n_train": 309008, "n_val": 18724, "directional_accuracy": 66.4}], "mean_dir_acc": 69.3, "std_dir_acc": 2.9, "min_dir_acc": 66.4, "max_dir_acc": 72.2, "feature_validation": {"price_technicals": {"drop_pp": 4.26, "base_acc": 55.77, "shuffled_acc": 51.51, "passed": true, "feature_count": 43,